<?xml version="1.0" encoding="UTF-8"?>
<?atoc version='0.0.1'?>
<cset q="file" >
<summary  count="3"  totalSize="49800" >
<digs da="MD5"  count="1" />
<digs da="MD5"  count="1" />
</summary>
<cset id="9.0.0.1-WS-WAS-TFPP12345-1s-1i.jar.operations" >
<summary  count="1"  totalSize="5064" >
<digs da="MD5"  count="1" />
</summary>
<cset v="9.*" >
<summary  count="1"  totalSize="5064" >
<digs da="MD5"  count="1" />
</summary>
<cset p="*" >
<summary  count="1"  totalSize="5064" >
<digs da="MD5"  count="1" />
</summary>
<af id="9.0.0.1-WS-WAS-TFPP12345-1s-1i.jar.operations"  v="9.0.0.20161206_1553"  p="zip"  ex="false"  sz="5064" >
<dig da="MD5"  dv="6bf0c5d728ca8f54bea1dc44f9817f3e" />

</af>
</cset>
</cset>
</cset>
<cset id="com.ibm.ws*" >
<summary  count="2"  totalSize="44736" >
<digs da="MD5"  count="1" />
<digs da="MD5"  count="1" />
</summary>
<cset v="8.*" >
<summary  count="2"  totalSize="44736" >
<digs da="MD5"  count="1" />
<digs da="MD5"  count="1" />
</summary>
<cset p="*" >
<summary  count="2"  totalSize="44736" >
<digs da="MD5"  count="1" />
<digs da="MD5"  count="1" />
</summary>
<af id="com.ibm.ws.patchinstaller"  v="8.0.1.201512152128"  p="jar"  ex="false"  sz="41459" >
<dig da="MD5"  dv="f949709b3d3e3432429391412afdcfb5" />

</af>
<af id="com.ibm.ws.exec.chmod"  v="8.0.0.201203071708"  p="jar"  ex="false"  sz="3277" >
<dig da="MD5"  dv="2160f14ff2a7222eb12f93b99038a6f9" />

</af>
</cset>
</cset>
</cset>
</cset>