<?xml version='1.0' encoding='UTF-8'?>
<?repositoryDigest version='0.0.1'?>
<repositoryDigest>
  <repository>
    <property name='LayoutPolicy' value='P1'/>
    <property name='LayoutPolicyVersion' value='0.0.0.1'/>
    <fix id='9.0.0.1-WS-WAS-TFPP12345' version='9.0.1.20161206_1553' offeringId='EnhancedFix' offeringVersion='0.0.0.EnhancedFix'>
      <information name='9.0.0.1-WS-WAS-TFPP12345' version='9.0.1.20161206_1553'>
        THIS IS A TEST FIX, REMOVE AFTER TESTING, NOT FOR PRODUCTION USE. TEST IFIX FOR 3RD PARTY CACHE PROVIDER
      </information>
      <property name='applicable.offerings' value='com.ibm.websphere.BASE.v90 [9.0.1,9.0.2);com.ibm.websphere.ND.v90 [9.0.1,9.0.2);com.ibm.websphere.zOS.v90 [9.0.1,9.0.2);com.ibm.websphere.WEBENAB.v90 [9.0.1,9.0.2);com.ibm.websphere.ILAN.v90 [9.0.1,9.0.2)'/>
      <property name='beta.compatible' value='true'/>
      <property name='recommended' value='false'/>
      <property name='offering.type' value=''/>
      <property name='default.profile' value=''/>
      <property name='default.user.profile' value=''/>
      <property name='vendor.name' value=''/>
      <property name='offering.service.repositories' value=''/>
      <file name='Fixes/9.0.0.1-WS-WAS-TFPP12345_9.0.1.20161206_1553.fix'/>
    </fix>
  </repository>
</repositoryDigest>
