<?xml version='1.0' encoding='UTF-8'?>
<?atoc version='0.0.2'?>
<atoc>
<summary  count='8'  totalSize='274246' >
<digs da='MD5'  count='1' />
<digs da='MD5'  count='1' />
</summary>
<cset n='eclipse' >
<summary  count='5'  totalSize='224446' >
<digs da='MD5'  count='1' />
<digs da='MD5'  count='1' />
</summary>
<cset q='plugin'  href='nq/eclipse_plugin.xml'  size='2140' md5='15cbb79d82d65b75c85140030a2373d2'>
<summary  count='5'  totalSize='224446' >
<digs da='MD5'  count='1' />
<digs da='MD5'  count='1' />
</summary>
</cset>
</cset>
<cset n='native' >
<summary  count='3'  totalSize='49800' >
<digs da='MD5'  count='1' />
</summary>
<cset q='file'  href='nq/native_file.xml'  size='1498' md5='3b8c1acd8c988b76e492b35761aa8ce3'>
<summary  count='3'  totalSize='49800' >
<digs da='MD5'  count='1' />
</summary>
</cset>
</cset></atoc>